{   
    "name": "dice-tooltip",   
    "title": "Dice Tooltip - D&D5e",   
    "description": "Shows a tooltip in actor sheets when hovering on Items/Spells/etc, with dice and bonus information. Especially useful for people that want to roll physical dice, but still maintain all of the convenience that Foundry provides.",   
    "author": "Steffan Poulsen - Majestic#6238",
    "version": "1.0.12",
    "minimumCoreVersion": "0.5.5",
    "compatibleCoreVersion": "0.7.9",
    "styles": ["/css/dicetooltip.css"],
    "scripts": ["./dicetooltip.js"],
    "url": "https://github.com/timartiny/dice-tooltip",
    "manifest": "https://github.com/timartiny/dice-tooltip/raw/private/src/module.json",
    "download": "https://github.com/timartiny/dice-tooltip/raw/private/dist/dice-tooltip.zip"
}